force,rate
1.980136508,19.59869342
3.953089683,52.52626313
7.064711111,75.14312977
-1.869216522,13.46036799
-3.559978261,33.1297534
-5.732847826,27.27574593
-8.566549153,18.80178458
